-- --------------------------------------------------------
-- Διακομιστής:                  127.0.0.1
-- Έκδοση διακομιστή:            12.2.2-MariaDB - MariaDB Server
-- Λειτ. σύστημα διακομιστή:     Win64
-- HeidiSQL Έκδοση:              12.17.0.7270
-- --------------------------------------------------------

/*!40101 SET @OLD_CHARACTER_SET_CLIENT=@@CHARACTER_SET_CLIENT */;
/*!40101 SET NAMES utf8 */;
/*!50503 SET NAMES utf8mb4 */;
/*!40103 SET @OLD_TIME_ZONE=@@TIME_ZONE */;
/*!40103 SET TIME_ZONE='+00:00' */;
/*!40014 SET @OLD_FOREIGN_KEY_CHECKS=@@FOREIGN_KEY_CHECKS, FOREIGN_KEY_CHECKS=0 */;
/*!40101 SET @OLD_SQL_MODE=@@SQL_MODE, SQL_MODE='NO_AUTO_VALUE_ON_ZERO' */;
/*!40111 SET @OLD_SQL_NOTES=@@SQL_NOTES, SQL_NOTES=0 */;


-- Dumping database structure for mytheatre_booking_db
CREATE DATABASE IF NOT EXISTS `mytheatre_booking_db` /*!40100 DEFAULT CHARACTER SET utf8mb4 COLLATE utf8mb4_uca1400_ai_ci */;
USE `mytheatre_booking_db`;

-- Dumping structure for πίνακας mytheatre_booking_db.reservation_seats
CREATE TABLE IF NOT EXISTS `reservation_seats` (
  `reservation_seat_id` int(11) NOT NULL AUTO_INCREMENT,
  `reservation_id` int(11) NOT NULL,
  `seat_id` int(11) NOT NULL,
  `price` decimal(8,2) NOT NULL,
  PRIMARY KEY (`reservation_seat_id`),
  UNIQUE KEY `uq_reservation_seat` (`reservation_id`,`seat_id`),
  KEY `seat_id` (`seat_id`),
  CONSTRAINT `1` FOREIGN KEY (`reservation_id`) REFERENCES `reservations` (`reservation_id`),
  CONSTRAINT `2` FOREIGN KEY (`seat_id`) REFERENCES `seats` (`seat_id`)
) ENGINE=InnoDB AUTO_INCREMENT=52 DEFAULT CHARSET=utf8mb4 COLLATE=utf8mb4_uca1400_ai_ci;

-- Dumping data for table mytheatre_booking_db.reservation_seats: ~41 rows (approximately)
INSERT INTO `reservation_seats` (`reservation_seat_id`, `reservation_id`, `seat_id`, `price`) VALUES
	(1, 1, 1, 15.00),
	(2, 1, 2, 15.00),
	(3, 2, 5, 25.00),
	(4, 2, 6, 25.00),
	(5, 3, 9, 15.00),
	(6, 3, 10, 15.00),
	(7, 3, 11, 15.00),
	(8, 4, 3, 15.00),
	(9, 4, 4, 15.00),
	(10, 5, 7, 15.00),
	(11, 5, 8, 15.00),
	(12, 6, 199, 16.00),
	(13, 6, 200, 16.00),
	(14, 7, 196, 16.00),
	(15, 7, 197, 16.00),
	(16, 8, 176, 16.00),
	(17, 8, 177, 16.00),
	(18, 9, 102, 22.00),
	(19, 9, 103, 22.00),
	(20, 10, 47, 15.00),
	(21, 10, 48, 15.00),
	(22, 11, 151, 23.00),
	(23, 11, 152, 23.00),
	(24, 12, 114, 22.00),
	(25, 12, 115, 22.00),
	(26, 13, 101, 22.00),
	(27, 13, 102, 22.00),
	(28, 14, 150, 22.00),
	(29, 15, 51, 14.00),
	(30, 15, 52, 14.00),
	(31, 16, 51, 14.00),
	(32, 16, 52, 14.00),
	(33, 16, 53, 14.00),
	(34, 16, 54, 14.00),
	(35, 17, 60, 24.00),
	(36, 18, 97, 24.00),
	(37, 19, 1, 15.00),
	(38, 20, 26, 15.00),
	(39, 21, 206, 15.00),
	(40, 22, 27, 15.00),
	(41, 23, 100, 14.00),
	(42, 24, 51, 14.00),
	(43, 24, 52, 14.00),
	(44, 25, 2, 15.00),
	(45, 25, 3, 15.00),
	(46, 26, 1, 15.00),
	(47, 26, 2, 15.00),
	(48, 27, 1, 15.00),
	(49, 27, 2, 15.00),
	(50, 28, 52, 14.00),
	(51, 28, 51, 14.00);

-- Dumping structure for πίνακας mytheatre_booking_db.reservations
CREATE TABLE IF NOT EXISTS `reservations` (
  `reservation_id` int(11) NOT NULL AUTO_INCREMENT,
  `user_id` int(11) NOT NULL,
  `showtime_id` int(11) NOT NULL,
  `reservation_date` timestamp NULL DEFAULT current_timestamp(),
  `status` varchar(20) DEFAULT 'ACTIVE',
  `total_price` decimal(10,2) NOT NULL,
  PRIMARY KEY (`reservation_id`),
  KEY `user_id` (`user_id`),
  KEY `showtime_id` (`showtime_id`),
  CONSTRAINT `1` FOREIGN KEY (`user_id`) REFERENCES `users` (`user_id`),
  CONSTRAINT `2` FOREIGN KEY (`showtime_id`) REFERENCES `showtimes` (`showtime_id`)
) ENGINE=InnoDB AUTO_INCREMENT=29 DEFAULT CHARSET=utf8mb4 COLLATE=utf8mb4_uca1400_ai_ci;

-- Dumping data for table mytheatre_booking_db.reservations: ~24 rows (approximately)
INSERT INTO `reservations` (`reservation_id`, `user_id`, `showtime_id`, `reservation_date`, `status`, `total_price`) VALUES
	(1, 2, 1, '2026-04-21 21:17:44', 'CANCELLED', 30.00),
	(2, 3, 4, '2026-04-21 21:17:44', 'CANCELLED', 50.00),
	(3, 4, 7, '2026-04-21 21:17:44', 'CANCELLED', 45.00),
	(4, 2, 1, '2026-04-21 22:54:05', 'CANCELLED', 30.00),
	(5, 5, 1, '2026-04-22 08:24:44', 'CANCELLED', 30.00),
	(6, 5, 13, '2026-04-22 10:46:59', 'CANCELLED', 32.00),
	(7, 5, 13, '2026-04-22 10:47:17', 'CANCELLED', 32.00),
	(8, 6, 13, '2026-04-22 10:58:23', 'CANCELLED', 32.00),
	(9, 5, 12, '2026-04-22 11:21:04', 'CANCELLED', 44.00),
	(10, 5, 1, '2026-04-22 11:53:18', 'CANCELLED', 30.00),
	(11, 5, 16, '2026-04-22 11:53:42', 'CANCELLED', 46.00),
	(12, 5, 12, '2026-04-22 12:55:23', 'CANCELLED', 44.00),
	(13, 5, 12, '2026-04-22 12:55:35', 'CANCELLED', 44.00),
	(14, 5, 12, '2026-04-22 13:00:12', 'CANCELLED', 22.00),
	(15, 5, 5, '2026-04-22 13:03:58', 'CANCELLED', 28.00),
	(16, 5, 5, '2026-04-22 13:21:40', 'CANCELLED', 56.00),
	(17, 5, 8, '2026-04-25 20:17:05', 'CANCELLED', 24.00),
	(18, 5, 8, '2026-04-25 20:19:20', 'CANCELLED', 24.00),
	(19, 5, 1, '2026-04-25 20:30:15', 'CANCELLED', 15.00),
	(20, 5, 1, '2026-04-25 20:42:18', 'CANCELLED', 15.00),
	(21, 5, 17, '2026-04-25 20:42:46', 'CANCELLED', 15.00),
	(22, 5, 1, '2026-04-25 20:44:07', 'CANCELLED', 15.00),
	(23, 5, 6, '2026-04-25 20:52:02', 'CANCELLED', 14.00),
	(24, 5, 5, '2026-04-27 17:25:09', 'CANCELLED', 28.00),
	(25, 5, 1, '2026-04-27 17:27:44', 'CANCELLED', 30.00),
	(26, 5, 1, '2026-04-28 17:32:03', 'CANCELLED', 30.00),
	(27, 2, 1, '2026-05-27 15:02:10', 'ACTIVE', 30.00),
	(28, 7, 5, '2026-05-27 15:13:11', 'ACTIVE', 28.00);

-- Dumping structure for πίνακας mytheatre_booking_db.seats
CREATE TABLE IF NOT EXISTS `seats` (
  `seat_id` int(11) NOT NULL AUTO_INCREMENT,
  `theatre_id` int(11) NOT NULL,
  `seat_row` varchar(10) NOT NULL,
  `seat_number` int(11) NOT NULL,
  `category` varchar(50) DEFAULT NULL,
  PRIMARY KEY (`seat_id`),
  UNIQUE KEY `uq_theatre_seat` (`theatre_id`,`seat_row`,`seat_number`),
  CONSTRAINT `1` FOREIGN KEY (`theatre_id`) REFERENCES `theatres` (`theatre_id`)
) ENGINE=InnoDB AUTO_INCREMENT=251 DEFAULT CHARSET=utf8mb4 COLLATE=utf8mb4_uca1400_ai_ci;

-- Dumping data for table mytheatre_booking_db.seats: ~250 rows (approximately)
INSERT INTO `seats` (`seat_id`, `theatre_id`, `seat_row`, `seat_number`, `category`) VALUES
	(1, 1, 'A', 1, 'Standard'),
	(2, 1, 'A', 2, 'Standard'),
	(3, 1, 'A', 3, 'Standard'),
	(4, 1, 'A', 4, 'Standard'),
	(5, 1, 'A', 5, 'Standard'),
	(6, 1, 'A', 6, 'Standard'),
	(7, 1, 'A', 7, 'Standard'),
	(8, 1, 'A', 8, 'Standard'),
	(9, 1, 'A', 9, 'Standard'),
	(10, 1, 'A', 10, 'Standard'),
	(11, 1, 'B', 1, 'Standard'),
	(12, 1, 'B', 2, 'Standard'),
	(13, 1, 'B', 3, 'Standard'),
	(14, 1, 'B', 4, 'Standard'),
	(15, 1, 'B', 5, 'Standard'),
	(16, 1, 'B', 6, 'Standard'),
	(17, 1, 'B', 7, 'Standard'),
	(18, 1, 'B', 8, 'Standard'),
	(19, 1, 'B', 9, 'Standard'),
	(20, 1, 'B', 10, 'Standard'),
	(21, 1, 'C', 1, 'Standard'),
	(22, 1, 'C', 2, 'Standard'),
	(23, 1, 'C', 3, 'Standard'),
	(24, 1, 'C', 4, 'Standard'),
	(25, 1, 'C', 5, 'Standard'),
	(26, 1, 'C', 6, 'Standard'),
	(27, 1, 'C', 7, 'Standard'),
	(28, 1, 'C', 8, 'Standard'),
	(29, 1, 'C', 9, 'Standard'),
	(30, 1, 'C', 10, 'Standard'),
	(31, 1, 'D', 1, 'Standard'),
	(32, 1, 'D', 2, 'Standard'),
	(33, 1, 'D', 3, 'Standard'),
	(34, 1, 'D', 4, 'Standard'),
	(35, 1, 'D', 5, 'Standard'),
	(36, 1, 'D', 6, 'Standard'),
	(37, 1, 'D', 7, 'Standard'),
	(38, 1, 'D', 8, 'Standard'),
	(39, 1, 'D', 9, 'Standard'),
	(40, 1, 'D', 10, 'Standard'),
	(41, 1, 'E', 1, 'VIP'),
	(42, 1, 'E', 2, 'VIP'),
	(43, 1, 'E', 3, 'VIP'),
	(44, 1, 'E', 4, 'VIP'),
	(45, 1, 'E', 5, 'VIP'),
	(46, 1, 'E', 6, 'VIP'),
	(47, 1, 'E', 7, 'VIP'),
	(48, 1, 'E', 8, 'VIP'),
	(49, 1, 'E', 9, 'VIP'),
	(50, 1, 'E', 10, 'VIP'),
	(51, 2, 'A', 1, 'Standard'),
	(52, 2, 'A', 2, 'Standard'),
	(53, 2, 'A', 3, 'Standard'),
	(54, 2, 'A', 4, 'Standard'),
	(55, 2, 'A', 5, 'Standard'),
	(56, 2, 'A', 6, 'Standard'),
	(57, 2, 'A', 7, 'Standard'),
	(58, 2, 'A', 8, 'Standard'),
	(59, 2, 'A', 9, 'Standard'),
	(60, 2, 'A', 10, 'Standard'),
	(61, 2, 'B', 1, 'Standard'),
	(62, 2, 'B', 2, 'Standard'),
	(63, 2, 'B', 3, 'Standard'),
	(64, 2, 'B', 4, 'Standard'),
	(65, 2, 'B', 5, 'Standard'),
	(66, 2, 'B', 6, 'Standard'),
	(67, 2, 'B', 7, 'Standard'),
	(68, 2, 'B', 8, 'Standard'),
	(69, 2, 'B', 9, 'Standard'),
	(70, 2, 'B', 10, 'Standard'),
	(71, 2, 'C', 1, 'Standard'),
	(72, 2, 'C', 2, 'Standard'),
	(73, 2, 'C', 3, 'Standard'),
	(74, 2, 'C', 4, 'Standard'),
	(75, 2, 'C', 5, 'Standard'),
	(76, 2, 'C', 6, 'Standard'),
	(77, 2, 'C', 7, 'Standard'),
	(78, 2, 'C', 8, 'Standard'),
	(79, 2, 'C', 9, 'Standard'),
	(80, 2, 'C', 10, 'Standard'),
	(81, 2, 'D', 1, 'Standard'),
	(82, 2, 'D', 2, 'Standard'),
	(83, 2, 'D', 3, 'Standard'),
	(84, 2, 'D', 4, 'Standard'),
	(85, 2, 'D', 5, 'Standard'),
	(86, 2, 'D', 6, 'Standard'),
	(87, 2, 'D', 7, 'Standard'),
	(88, 2, 'D', 8, 'Standard'),
	(89, 2, 'D', 9, 'Standard'),
	(90, 2, 'D', 10, 'Standard'),
	(91, 2, 'E', 1, 'VIP'),
	(92, 2, 'E', 2, 'VIP'),
	(93, 2, 'E', 3, 'VIP'),
	(94, 2, 'E', 4, 'VIP'),
	(95, 2, 'E', 5, 'VIP'),
	(96, 2, 'E', 6, 'VIP'),
	(97, 2, 'E', 7, 'VIP'),
	(98, 2, 'E', 8, 'VIP'),
	(99, 2, 'E', 9, 'VIP'),
	(100, 2, 'E', 10, 'VIP'),
	(101, 3, 'A', 1, 'Standard'),
	(102, 3, 'A', 2, 'Standard'),
	(103, 3, 'A', 3, 'Standard'),
	(104, 3, 'A', 4, 'Standard'),
	(105, 3, 'A', 5, 'Standard'),
	(106, 3, 'A', 6, 'Standard'),
	(107, 3, 'A', 7, 'Standard'),
	(108, 3, 'A', 8, 'Standard'),
	(109, 3, 'A', 9, 'Standard'),
	(110, 3, 'A', 10, 'Standard'),
	(111, 3, 'B', 1, 'Standard'),
	(112, 3, 'B', 2, 'Standard'),
	(113, 3, 'B', 3, 'Standard'),
	(114, 3, 'B', 4, 'Standard'),
	(115, 3, 'B', 5, 'Standard'),
	(116, 3, 'B', 6, 'Standard'),
	(117, 3, 'B', 7, 'Standard'),
	(118, 3, 'B', 8, 'Standard'),
	(119, 3, 'B', 9, 'Standard'),
	(120, 3, 'B', 10, 'Standard'),
	(121, 3, 'C', 1, 'Standard'),
	(122, 3, 'C', 2, 'Standard'),
	(123, 3, 'C', 3, 'Standard'),
	(124, 3, 'C', 4, 'Standard'),
	(125, 3, 'C', 5, 'Standard'),
	(126, 3, 'C', 6, 'Standard'),
	(127, 3, 'C', 7, 'Standard'),
	(128, 3, 'C', 8, 'Standard'),
	(129, 3, 'C', 9, 'Standard'),
	(130, 3, 'C', 10, 'Standard'),
	(131, 3, 'D', 1, 'Standard'),
	(132, 3, 'D', 2, 'Standard'),
	(133, 3, 'D', 3, 'Standard'),
	(134, 3, 'D', 4, 'Standard'),
	(135, 3, 'D', 5, 'Standard'),
	(136, 3, 'D', 6, 'Standard'),
	(137, 3, 'D', 7, 'Standard'),
	(138, 3, 'D', 8, 'Standard'),
	(139, 3, 'D', 9, 'Standard'),
	(140, 3, 'D', 10, 'Standard'),
	(141, 3, 'E', 1, 'VIP'),
	(142, 3, 'E', 2, 'VIP'),
	(143, 3, 'E', 3, 'VIP'),
	(144, 3, 'E', 4, 'VIP'),
	(145, 3, 'E', 5, 'VIP'),
	(146, 3, 'E', 6, 'VIP'),
	(147, 3, 'E', 7, 'VIP'),
	(148, 3, 'E', 8, 'VIP'),
	(149, 3, 'E', 9, 'VIP'),
	(150, 3, 'E', 10, 'VIP'),
	(151, 4, 'A', 1, 'Standard'),
	(152, 4, 'A', 2, 'Standard'),
	(153, 4, 'A', 3, 'Standard'),
	(154, 4, 'A', 4, 'Standard'),
	(155, 4, 'A', 5, 'Standard'),
	(156, 4, 'A', 6, 'Standard'),
	(157, 4, 'A', 7, 'Standard'),
	(158, 4, 'A', 8, 'Standard'),
	(159, 4, 'A', 9, 'Standard'),
	(160, 4, 'A', 10, 'Standard'),
	(161, 4, 'B', 1, 'Standard'),
	(162, 4, 'B', 2, 'Standard'),
	(163, 4, 'B', 3, 'Standard'),
	(164, 4, 'B', 4, 'Standard'),
	(165, 4, 'B', 5, 'Standard'),
	(166, 4, 'B', 6, 'Standard'),
	(167, 4, 'B', 7, 'Standard'),
	(168, 4, 'B', 8, 'Standard'),
	(169, 4, 'B', 9, 'Standard'),
	(170, 4, 'B', 10, 'Standard'),
	(171, 4, 'C', 1, 'Standard'),
	(172, 4, 'C', 2, 'Standard'),
	(173, 4, 'C', 3, 'Standard'),
	(174, 4, 'C', 4, 'Standard'),
	(175, 4, 'C', 5, 'Standard'),
	(176, 4, 'C', 6, 'Standard'),
	(177, 4, 'C', 7, 'Standard'),
	(178, 4, 'C', 8, 'Standard'),
	(179, 4, 'C', 9, 'Standard'),
	(180, 4, 'C', 10, 'Standard'),
	(181, 4, 'D', 1, 'Standard'),
	(182, 4, 'D', 2, 'Standard'),
	(183, 4, 'D', 3, 'Standard'),
	(184, 4, 'D', 4, 'Standard'),
	(185, 4, 'D', 5, 'Standard'),
	(186, 4, 'D', 6, 'Standard'),
	(187, 4, 'D', 7, 'Standard'),
	(188, 4, 'D', 8, 'Standard'),
	(189, 4, 'D', 9, 'Standard'),
	(190, 4, 'D', 10, 'Standard'),
	(191, 4, 'E', 1, 'VIP'),
	(192, 4, 'E', 2, 'VIP'),
	(193, 4, 'E', 3, 'VIP'),
	(194, 4, 'E', 4, 'VIP'),
	(195, 4, 'E', 5, 'VIP'),
	(196, 4, 'E', 6, 'VIP'),
	(197, 4, 'E', 7, 'VIP'),
	(198, 4, 'E', 8, 'VIP'),
	(199, 4, 'E', 9, 'VIP'),
	(200, 4, 'E', 10, 'VIP'),
	(201, 5, 'A', 1, 'Standard'),
	(202, 5, 'A', 2, 'Standard'),
	(203, 5, 'A', 3, 'Standard'),
	(204, 5, 'A', 4, 'Standard'),
	(205, 5, 'A', 5, 'Standard'),
	(206, 5, 'A', 6, 'Standard'),
	(207, 5, 'A', 7, 'Standard'),
	(208, 5, 'A', 8, 'Standard'),
	(209, 5, 'A', 9, 'Standard'),
	(210, 5, 'A', 10, 'Standard'),
	(211, 5, 'B', 1, 'Standard'),
	(212, 5, 'B', 2, 'Standard'),
	(213, 5, 'B', 3, 'Standard'),
	(214, 5, 'B', 4, 'Standard'),
	(215, 5, 'B', 5, 'Standard'),
	(216, 5, 'B', 6, 'Standard'),
	(217, 5, 'B', 7, 'Standard'),
	(218, 5, 'B', 8, 'Standard'),
	(219, 5, 'B', 9, 'Standard'),
	(220, 5, 'B', 10, 'Standard'),
	(221, 5, 'C', 1, 'Standard'),
	(222, 5, 'C', 2, 'Standard'),
	(223, 5, 'C', 3, 'Standard'),
	(224, 5, 'C', 4, 'Standard'),
	(225, 5, 'C', 5, 'Standard'),
	(226, 5, 'C', 6, 'Standard'),
	(227, 5, 'C', 7, 'Standard'),
	(228, 5, 'C', 8, 'Standard'),
	(229, 5, 'C', 9, 'Standard'),
	(230, 5, 'C', 10, 'Standard'),
	(231, 5, 'D', 1, 'Standard'),
	(232, 5, 'D', 2, 'Standard'),
	(233, 5, 'D', 3, 'Standard'),
	(234, 5, 'D', 4, 'Standard'),
	(235, 5, 'D', 5, 'Standard'),
	(236, 5, 'D', 6, 'Standard'),
	(237, 5, 'D', 7, 'Standard'),
	(238, 5, 'D', 8, 'Standard'),
	(239, 5, 'D', 9, 'Standard'),
	(240, 5, 'D', 10, 'Standard'),
	(241, 5, 'E', 1, 'VIP'),
	(242, 5, 'E', 2, 'VIP'),
	(243, 5, 'E', 3, 'VIP'),
	(244, 5, 'E', 4, 'VIP'),
	(245, 5, 'E', 5, 'VIP'),
	(246, 5, 'E', 6, 'VIP'),
	(247, 5, 'E', 7, 'VIP'),
	(248, 5, 'E', 8, 'VIP'),
	(249, 5, 'E', 9, 'VIP'),
	(250, 5, 'E', 10, 'VIP');

-- Dumping structure for πίνακας mytheatre_booking_db.shows
CREATE TABLE IF NOT EXISTS `shows` (
  `show_id` int(11) NOT NULL AUTO_INCREMENT,
  `theatre_id` int(11) NOT NULL,
  `title` varchar(150) NOT NULL,
  `description` text DEFAULT NULL,
  `duration` int(11) NOT NULL,
  `age_rating` varchar(20) DEFAULT NULL,
  PRIMARY KEY (`show_id`),
  KEY `theatre_id` (`theatre_id`),
  CONSTRAINT `1` FOREIGN KEY (`theatre_id`) REFERENCES `theatres` (`theatre_id`)
) ENGINE=InnoDB AUTO_INCREMENT=11 DEFAULT CHARSET=utf8mb4 COLLATE=utf8mb4_uca1400_ai_ci;

-- Dumping data for table mytheatre_booking_db.shows: ~10 rows (approximately)
INSERT INTO `shows` (`show_id`, `theatre_id`, `title`, `description`, `duration`, `age_rating`) VALUES
	(1, 1, 'The Little Prince', 'Family-friendly adaptation of the classic story', 90, '6+'),
	(2, 1, 'Hamlet', 'Classic Shakespeare tragedy for adult audiences', 130, '16+'),
	(3, 2, 'Pinocchio', 'Children\'s theatre performance based on the famous tale', 85, '6+'),
	(4, 2, 'A Doll\'s House', 'Classic dramatic play for adult audiences', 120, '16+'),
	(5, 3, 'Cinderella', 'Magical children\'s performance with music and storytelling', 80, '6+'),
	(6, 3, 'Antigone', 'Ancient Greek tragedy for mature audiences', 110, '16+'),
	(7, 4, 'The Wizard of Oz', 'Fantasy stage performance for children and families', 95, '6+'),
	(8, 4, 'Oedipus Rex', 'Serious dramatic performance based on Sophocles', 115, '16+'),
	(9, 5, 'Peter Pan', 'Adventure performance for children and families', 90, '6+'),
	(10, 5, 'Macbeth', 'Dark Shakespearean tragedy for adult audiences', 125, '16+');

-- Dumping structure for πίνακας mytheatre_booking_db.showtimes
CREATE TABLE IF NOT EXISTS `showtimes` (
  `showtime_id` int(11) NOT NULL AUTO_INCREMENT,
  `show_id` int(11) NOT NULL,
  `show_date` date NOT NULL,
  `show_time` time NOT NULL,
  `hall_name` varchar(100) DEFAULT NULL,
  `base_price` decimal(8,2) NOT NULL,
  PRIMARY KEY (`showtime_id`),
  UNIQUE KEY `uq_showtime` (`show_id`,`show_date`,`show_time`),
  CONSTRAINT `1` FOREIGN KEY (`show_id`) REFERENCES `shows` (`show_id`)
) ENGINE=InnoDB AUTO_INCREMENT=21 DEFAULT CHARSET=utf8mb4 COLLATE=utf8mb4_uca1400_ai_ci;

-- Dumping data for table mytheatre_booking_db.showtimes: ~20 rows (approximately)
INSERT INTO `showtimes` (`showtime_id`, `show_id`, `show_date`, `show_time`, `hall_name`, `base_price`) VALUES
	(1, 1, '2026-05-15', '18:00:00', 'Main Hall', 15.00),
	(2, 1, '2026-05-17', '12:00:00', 'Main Hall', 15.00),
	(3, 2, '2026-05-15', '21:00:00', 'Main Hall', 25.00),
	(4, 2, '2026-05-18', '20:30:00', 'Main Hall', 25.00),
	(5, 3, '2026-05-16', '17:00:00', 'Blue Hall', 14.00),
	(6, 3, '2026-05-18', '11:30:00', 'Blue Hall', 14.00),
	(7, 4, '2026-05-16', '20:00:00', 'Blue Hall', 24.00),
	(8, 4, '2026-05-19', '21:00:00', 'Blue Hall', 24.00),
	(9, 5, '2026-05-17', '16:30:00', 'Family Hall', 13.00),
	(10, 5, '2026-05-20', '12:00:00', 'Family Hall', 13.00),
	(11, 6, '2026-05-17', '20:30:00', 'Grand Hall', 22.00),
	(12, 6, '2026-05-21', '21:00:00', 'Grand Hall', 22.00),
	(13, 7, '2026-05-18', '17:30:00', 'Stage A', 16.00),
	(14, 7, '2026-05-22', '12:30:00', 'Stage A', 16.00),
	(15, 8, '2026-05-18', '21:00:00', 'Stage A', 23.00),
	(16, 8, '2026-05-23', '20:00:00', 'Stage A', 23.00),
	(17, 9, '2026-05-19', '17:00:00', 'Royal Hall', 15.00),
	(18, 9, '2026-05-24', '12:00:00', 'Royal Hall', 15.00),
	(19, 10, '2026-05-19', '21:30:00', 'Royal Hall', 26.00),
	(20, 10, '2026-05-25', '20:30:00', 'Royal Hall', 26.00);

-- Dumping structure for πίνακας mytheatre_booking_db.theatres
CREATE TABLE IF NOT EXISTS `theatres` (
  `theatre_id` int(11) NOT NULL AUTO_INCREMENT,
  `NAME` varchar(120) NOT NULL,
  `location` varchar(150) NOT NULL,
  `DESCRIPTION` text DEFAULT NULL,
  PRIMARY KEY (`theatre_id`)
) ENGINE=InnoDB AUTO_INCREMENT=6 DEFAULT CHARSET=utf8mb4 COLLATE=utf8mb4_uca1400_ai_ci;

-- Dumping data for table mytheatre_booking_db.theatres: ~5 rows (approximately)
INSERT INTO `theatres` (`theatre_id`, `NAME`, `location`, `DESCRIPTION`) VALUES
	(1, 'National Theatre', 'Athens', 'Historic national theatre in the city center'),
	(2, 'Pallas Theatre', 'Rhodes', 'Popular theatre for large productions and musicals'),
	(3, 'Thessalian Theatre', 'Larisa', 'Greek and world dramaturgy to the last corner of Thessaly.'),
	(4, 'Pegasus Theatre ', 'Katerini', 'Modern theatre venue for commercial and dramatic productions'),
	(5, 'Royal Theatre', 'Thessaloniki', 'Major theatre organization in northern Greece');

-- Dumping structure for πίνακας mytheatre_booking_db.users
CREATE TABLE IF NOT EXISTS `users` (
  `user_id` int(11) NOT NULL AUTO_INCREMENT,
  `name` varchar(100) NOT NULL,
  `email` varchar(100) NOT NULL,
  `password` varchar(255) NOT NULL,
  `role` varchar(20) DEFAULT 'user',
  PRIMARY KEY (`user_id`),
  UNIQUE KEY `email` (`email`)
) ENGINE=InnoDB AUTO_INCREMENT=8 DEFAULT CHARSET=utf8mb4 COLLATE=utf8mb4_uca1400_ai_ci;

-- Dumping data for table mytheatre_booking_db.users: ~7 rows (approximately)
INSERT INTO `users` (`user_id`, `name`, `email`, `password`, `role`) VALUES
	(1, 'Admin User', 'admin@gmail.com', '$2b$10$FUy4y5CJRcNVlQY6H0tPhOqxbK41LciQ2DKm7ZDYEKWAjFDt4gFbC', 'admin'),
	(2, 'Nikos Bakas', 'n.bakas@gmail.com', '$2b$10$RW8ADGjrhYbMakpd9yK36er.kV970thL/t5C8ZCSFln9FeBzBmMxa', 'user'),
	(3, 'Eleni Papadopoulou', 'e.papadopoulou@gmail.com', '$2b$10$5/6xmtgcCFzADxVVpYepo.LPAA8GGF77O8ochM1ka0DrLsnuUMvbS', 'user'),
	(4, 'Giorgos Nikolaou', 'g.nikolaou@gmail.com', '$2b$10$HM4aqJN6Gm4X7BsNlo3G/.LjBbFiCLrW/ZSwIy92n/efpi282vlCO', 'user'),
	(5, 'Test User', 'testuser@example.com', '$2b$10$Jnf2rt86wiCwAVpvwAtRhe3jePr26CuatrEJF6f2F7Jf1VyQZA28a', 'user'),
	(6, 'Nina Archangelidis', 'n.archangelidi@gmail.com', '$2b$10$Me5O08gY0dNYJ2o9T3lKBuZmUpELOJLfmeLamuhPorAGRewy6vTfe', 'user'),
	(7, 'Sofia Archangelidi', 's.archaggelidi@gmail.com', '$2b$10$2F3ION6qB5hM4H5q6aCfNO5NOcULavMR6RIc4brsCkVoVPADWnpYe', 'user');

/*!40103 SET TIME_ZONE=IFNULL(@OLD_TIME_ZONE, 'system') */;
/*!40101 SET SQL_MODE=IFNULL(@OLD_SQL_MODE, '') */;
/*!40014 SET FOREIGN_KEY_CHECKS=IFNULL(@OLD_FOREIGN_KEY_CHECKS, 1) */;
/*!40101 SET CHARACTER_SET_CLIENT=@OLD_CHARACTER_SET_CLIENT */;
/*!40111 SET SQL_NOTES=IFNULL(@OLD_SQL_NOTES, 1) */;
